[
  {
    "id": "1e3465ff-3982-42e5-afc7-4bdb43244f58",
    "data": [
      {
        "text": "Yes sometimes",
        "userDefined": false
      }
    ],
    "isTemplate": false,
    "count": 0,
    "updated": 0
  },
  {
    "id": "0c2279c9-f2af-43a2-bbc9-b702ad3c3559",
    "data": [
      {
        "text": "Yes",
        "meta": "@sys.ignore",
        "userDefined": true
      },
      {
        "text": ".",
        "userDefined": false
      },
      {
        "text": "a",
        "alias": "any",
        "meta": "@sys.any",
        "userDefined": true
      }
    ],
    "isTemplate": false,
    "count": 0,
    "updated": 1523131041
  },
  {
    "id": "357960d5-4ef7-45fd-a6dc-8ee2ad6516c9",
    "data": [
      {
        "text": "No, I dont have any concentration problems",
        "userDefined": false
      }
    ],
    "isTemplate": false,
    "count": 0,
    "updated": 0
  },
  {
    "id": "619c9b42-1b03-4c4b-b865-4ed5a312a7b3",
    "data": [
      {
        "text": "Yes",
        "alias": "positiveBoolean",
        "meta": "@positiveBoolean",
        "userDefined": false
      },
      {
        "text": ", I cannot concentrate",
        "userDefined": false
      }
    ],
    "isTemplate": false,
    "count": 0,
    "updated": 1523131041
  },
  {
    "id": "8d4b5912-3d0b-40b4-a10e-063a6c8e1165",
    "data": [
      {
        "text": "I am lacking concentration these days",
        "userDefined": false
      }
    ],
    "isTemplate": false,
    "count": 0,
    "updated": 1523131041
  },
  {
    "id": "1c5afda0-1b07-4e08-9f8b-bc40a5505186",
    "data": [
      {
        "text": "i am not able to concentrate",
        "userDefined": false
      }
    ],
    "isTemplate": false,
    "count": 0,
    "updated": 0
  },
  {
    "id": "30aa7df3-f4fd-4050-8777-ab66502816d5",
    "data": [
      {
        "text": "not at all",
        "userDefined": false
      }
    ],
    "isTemplate": false,
    "count": 0,
    "updated": 1524033492
  },
  {
    "id": "fdaa5c6e-6f3e-4a34-9b88-cf18bf6e5204",
    "data": [
      {
        "text": "No, I can manage with my daily tasks",
        "userDefined": false
      }
    ],
    "isTemplate": false,
    "count": 0,
    "updated": 0
  },
  {
    "id": "258bb663-fd49-419d-9dca-20b9d0074b9f",
    "data": [
      {
        "text": "I am not able to concetrate",
        "userDefined": false
      }
    ],
    "isTemplate": false,
    "count": 0,
    "updated": 1523132976
  },
  {
    "id": "e5313181-e8c3-4b4a-a2e9-40bab59701e0",
    "data": [
      {
        "text": "I find it hard to concentrate on my ",
        "userDefined": false
      },
      {
        "text": "daily",
        "meta": "@sys.ignore",
        "userDefined": true
      },
      {
        "text": " tasks",
        "userDefined": false
      }
    ],
    "isTemplate": false,
    "count": 0,
    "updated": 1523131041
  },
  {
    "id": "ff42af7d-1a08-44a9-9f69-292a64b8528d",
    "data": [
      {
        "text": "My concentration levels are ",
        "userDefined": false
      },
      {
        "text": "bad",
        "alias": "negativeFeelings",
        "meta": "@negativeFeelings",
        "userDefined": false
      }
    ],
    "isTemplate": false,
    "count": 0,
    "updated": 1523131041
  },
  {
    "id": "2f3f5648-f5ce-4ff3-9854-38aaa700ce73",
    "data": [
      {
        "text": "I find it hard to concentrate on my daily tasks  sometimes",
        "userDefined": false
      }
    ],
    "isTemplate": false,
    "count": 0,
    "updated": 1523131041
  },
  {
    "id": "2cf57be9-b5b7-470d-8b0c-bca13342e551",
    "data": [
      {
        "text": "yeah",
        "alias": "positiveBoolean",
        "meta": "@positiveBoolean",
        "userDefined": false
      }
    ],
    "isTemplate": false,
    "count": 0,
    "updated": 1523131041
  }
]